epoch,time,train/box_loss,train/seg_loss,train/cls_loss,train/dfl_loss,train/sem_loss,metrics/precision(B),metrics/recall(B),metrics/mAP50(B),metrics/mAP50-95(B),metrics/precision(M),metrics/recall(M),metrics/mAP50(M),metrics/mAP50-95(M),val/box_loss,val/seg_loss,val/cls_loss,val/dfl_loss,val/sem_loss,lr/pg0,lr/pg1,lr/pg2
1,45.9217,1.01164,2.27953,4.38712,1.25984,0,0,0,0,0,0,0,0,0,1.45671,4.07191,4.51916,1.85272,0,0.0006,0.0006,0.0006
2,93.6201,1.23273,2.18077,4.23766,1.3746,0,0,0,0,0,0,0,0,0,2.01049,5.7551,4.3953,2.18742,0,0.00125413,0.00125413,0.00125413
3,138.572,1.48714,2.20204,3.91693,1.53034,0,0,0,0,0,0,0,0,0,2.26917,7.25954,4.3352,2.61313,0,0.00189505,0.00189505,0.00189505
4,170.872,1.68699,2.90134,3.73825,1.61664,0,0.33333,0.09091,0.07833,0.05033,0,0,0,0,2.23357,18.1939,3.95489,3.04733,0,0.0019406,0.0019406,0.0019406
5,203.169,1.68074,2.45465,3.49453,1.69342,0,0.11828,0.5,0.15916,0.06369,0.01075,0.04545,0.00346,0.00035,2.05457,19.5106,3.50032,3.40977,0,0.0019208,0.0019208,0.0019208
6,235.417,1.5298,2.02958,2.87563,1.67059,0,0.33022,0.18182,0.2185,0.09806,0.86997,0.09091,0.10943,0.02665,2.47171,16.6721,2.80798,3.74243,0,0.001901,0.001901,0.001901
7,267.763,1.73329,2.14924,2.54261,1.8831,0,0.21669,0.36364,0.23253,0.07311,0.10944,0.22727,0.13099,0.05374,2.69313,12.4425,3.13753,4.46542,0,0.0018812,0.0018812,0.0018812
8,300.34,1.85253,2.30837,2.50534,1.97398,0,0.10067,0.31818,0.05496,0.01425,0.11154,0.22727,0.06809,0.02105,3.7214,7.58136,9.27146,7.80953,0,0.0018614,0.0018614,0.0018614
9,333.193,1.70133,2.10403,2.07208,1.79308,0,0.11103,0.63636,0.15456,0.06714,0.07138,0.40909,0.1127,0.03807,2.05615,7.73907,18.0688,3.01331,0,0.0018416,0.0018416,0.0018416
10,365.491,1.67875,2.25118,1.94296,1.83735,0,0.25,0.22727,0.19372,0.07664,0.25,0.22727,0.18718,0.05148,2.08548,6.90371,44.3067,2.90176,0,0.0018218,0.0018218,0.0018218
11,398.683,1.74504,2.21825,1.91797,1.84908,0,0.28571,0.09091,0.09939,0.03699,0.05178,0.54545,0.07516,0.02867,2.78334,5.87441,35.1217,3.46903,0,0.001802,0.001802,0.001802
12,433.618,1.65834,2.22586,1.81601,1.7612,0,0.07075,0.77273,0.16487,0.0462,0.0541,0.59091,0.06983,0.02655,2.38778,7.21666,38.0206,3.08265,0,0.0017822,0.0017822,0.0017822
13,467.161,1.55057,2.06337,1.77854,1.68372,0,0.24163,0.63636,0.26931,0.12775,0.21213,0.50182,0.19971,0.08784,2.00045,5.46784,7.71414,2.43369,0,0.0017624,0.0017624,0.0017624
14,500.033,1.50654,1.87682,1.60888,1.66739,0,0.28133,0.45455,0.21348,0.08255,0.24504,0.36364,0.15688,0.06069,2.13104,5.30619,4.5092,2.36442,0,0.0017426,0.0017426,0.0017426
15,533.232,1.47084,1.81039,1.6734,1.62927,0,0.21939,0.40909,0.20565,0.09651,0.19501,0.36364,0.13837,0.05102,2.01737,5.85537,4.80847,2.4168,0,0.0017228,0.0017228,0.0017228
16,567.026,1.43597,2.06746,1.60501,1.58022,0,0.30476,0.36364,0.24429,0.09533,0.27965,0.31818,0.13844,0.04215,2.23483,6.86969,3.24186,2.81505,0,0.001703,0.001703,0.001703
17,599.495,1.39681,1.80791,1.47993,1.50611,0,0.22648,0.63636,0.26457,0.11259,0.19385,0.54545,0.20973,0.09614,1.7854,4.30316,4.57258,2.37014,0,0.0016832,0.0016832,0.0016832
18,631.889,1.32022,1.76372,1.44328,1.4477,0,0.33257,0.54545,0.34546,0.16569,0.3653,0.45455,0.32727,0.13874,1.63506,4.47011,3.35639,1.99818,0,0.0016634,0.0016634,0.0016634
19,664.46,1.30715,1.76437,1.40415,1.52571,0,0.46329,0.59091,0.46015,0.2481,0.46329,0.59091,0.45619,0.24919,1.57439,3.87565,3.25771,1.96561,0,0.0016436,0.0016436,0.0016436
20,696.675,1.34273,1.80583,1.38911,1.52546,0,0.35202,0.54545,0.4043,0.22047,0.38405,0.54545,0.41691,0.22593,1.87267,4.12817,2.89442,2.07829,0,0.0016238,0.0016238,0.0016238
21,728.943,1.28984,1.72747,1.40597,1.47222,0,0.37624,0.45455,0.31579,0.1889,0.37624,0.45455,0.31174,0.17326,1.91767,4.64985,2.31626,2.03431,0,0.001604,0.001604,0.001604
22,761.405,1.23334,1.69887,1.37235,1.3797,0,0.40959,0.40909,0.41774,0.22597,0.45746,0.40909,0.40352,0.19247,1.60576,3.89477,2.63656,1.80435,0,0.0015842,0.0015842,0.0015842
23,793.779,1.25929,1.65598,1.30386,1.44115,0,0.53423,0.54545,0.4937,0.22242,0.36794,0.54545,0.42968,0.21794,1.79013,3.55689,3.04277,2.01314,0,0.0015644,0.0015644,0.0015644
24,825.887,1.22991,1.71085,1.31458,1.40183,0,0.36883,0.37217,0.35752,0.18072,0.36883,0.37217,0.35575,0.16011,1.72735,3.43496,3.04363,2.04314,0,0.0015446,0.0015446,0.0015446
25,871.622,1.23358,1.75643,1.30234,1.44053,0,0.46179,0.54545,0.4812,0.28263,0.5503,0.54545,0.44401,0.21025,1.51426,4.15887,2.10078,1.85569,0,0.0015248,0.0015248,0.0015248
26,929.907,1.18442,1.55263,1.24294,1.32821,0,0.69854,0.63216,0.58921,0.34079,0.64993,0.59091,0.53609,0.26097,1.66783,3.7882,1.89827,1.88603,0,0.001505,0.001505,0.001505
27,988.51,1.18729,1.76786,1.23289,1.33987,0,0.67328,0.54545,0.59045,0.33377,0.72938,0.59091,0.58554,0.28462,1.80753,3.36252,1.88354,1.93461,0,0.0014852,0.0014852,0.0014852
28,1046.9,1.15525,1.63235,1.20263,1.35038,0,0.61815,0.54545,0.54564,0.31827,0.61815,0.54545,0.47936,0.25879,1.83269,3.26193,1.82072,1.96396,0,0.0014654,0.0014654,0.0014654
29,1105.45,1.17696,1.5861,1.21112,1.39667,0,0.87797,0.5,0.62034,0.36857,0.79353,0.45455,0.53432,0.31164,1.49046,3.42124,1.62356,1.80757,0,0.0014456,0.0014456,0.0014456
30,1163.81,1.12916,1.54105,1.16002,1.31884,0,0.84618,0.54545,0.64274,0.3649,0.84618,0.54545,0.63802,0.3323,1.69351,3.46624,1.73105,1.95788,0,0.0014258,0.0014258,0.0014258
31,1222.33,1.14639,1.60401,1.28369,1.3957,0,0.91508,0.49047,0.59701,0.32073,0.91508,0.49047,0.57719,0.29287,1.66197,3.58446,1.73187,1.86246,0,0.001406,0.001406,0.001406
32,1280.45,0.99799,1.45787,1.09522,1.2694,0,0.89241,0.5,0.64051,0.32895,0.81038,0.45455,0.55664,0.31501,1.59532,3.62937,1.67549,1.7875,0,0.0013862,0.0013862,0.0013862
33,1339.22,1.07219,1.46721,1.08267,1.27504,0,0.60258,0.68943,0.63974,0.3439,0.6841,0.5,0.55377,0.3184,1.60506,3.58282,1.46719,1.85399,0,0.0013664,0.0013664,0.0013664
34,1395.58,1.07395,1.44359,1.10637,1.30241,0,0.71886,0.5,0.57389,0.30073,0.75918,0.45455,0.51817,0.27276,1.81776,3.95237,1.58881,2.04374,0,0.0013466,0.0013466,0.0013466
35,1453.96,1.04696,1.45292,1.04339,1.3007,0,0.78343,0.49371,0.56087,0.29252,0.79403,0.40909,0.44734,0.2486,1.95911,3.73512,1.77099,2.12862,0,0.0013268,0.0013268,0.0013268
36,1512.37,1.02869,1.3915,0.98828,1.2364,0,0.72667,0.45455,0.54208,0.27502,0.76867,0.45455,0.52352,0.24837,2.00119,3.79213,1.75385,2.08711,0,0.001307,0.001307,0.001307
37,1571.24,0.98727,1.40535,1.03286,1.21192,0,0.60317,0.76031,0.68012,0.34983,0.59465,0.72727,0.65982,0.34953,1.77706,3.45896,1.38283,1.92437,0,0.0012872,0.0012872,0.0012872
38,1629.81,1.04968,1.45759,1.01746,1.26918,0,0.84809,0.54545,0.66555,0.362,0.84809,0.54545,0.67108,0.36318,1.71854,3.58764,1.2851,1.93318,0,0.0012674,0.0012674,0.0012674
39,1688.36,0.97227,1.29283,0.92489,1.20583,0,0.6315,0.54545,0.67133,0.37107,0.68787,0.59091,0.70105,0.35952,1.70792,3.24344,1.33542,1.91072,0,0.0012476,0.0012476,0.0012476
40,1742.73,0.98938,1.40387,1.0005,1.23288,0,0.83929,0.59091,0.72988,0.42468,0.83929,0.59091,0.72988,0.40631,1.57391,3.01175,1.31666,1.77247,0,0.0012278,0.0012278,0.0012278
41,1801.92,1.03858,1.38173,0.98502,1.19283,0,0.91196,0.59091,0.75958,0.36852,0.84714,0.54545,0.69256,0.33051,1.77154,3.33271,1.38092,1.94043,0,0.001208,0.001208,0.001208
42,1860.3,1.06435,1.4094,1.06334,1.29439,0,0.68863,0.54545,0.58147,0.28149,0.68863,0.54545,0.60362,0.25435,2.0516,3.50891,1.65857,2.33842,0,0.0011882,0.0011882,0.0011882
43,1895.45,0.96402,1.35739,0.97836,1.22756,0,0.48824,0.54545,0.49332,0.25813,0.48824,0.54545,0.51139,0.23316,1.94075,3.54837,1.86044,2.32428,0,0.0011684,0.0011684,0.0011684
44,1927.78,1.00871,1.32965,0.96948,1.2069,0,0.52079,0.54545,0.48407,0.2513,0.47739,0.5,0.42495,0.22567,1.86005,3.39778,1.90822,2.16378,0,0.0011486,0.0011486,0.0011486
45,1960.52,0.94832,1.32756,0.92184,1.18288,0,0.67577,0.45455,0.59164,0.34343,0.43041,0.59091,0.50034,0.29273,1.6767,3.61166,1.60255,1.90828,0,0.0011288,0.0011288,0.0011288
46,1992.91,0.93737,1.35815,0.92273,1.18703,0,0.78248,0.54545,0.6211,0.33159,0.71458,0.5,0.53553,0.29095,1.68578,3.78498,1.51283,1.88457,0,0.001109,0.001109,0.001109
47,2025.57,0.94821,1.31038,0.94921,1.20623,0,0.60847,0.56567,0.56425,0.35749,0.49534,0.54545,0.49678,0.27957,1.53285,3.57411,1.45853,1.76356,0,0.0010892,0.0010892,0.0010892
48,2057.94,0.94059,1.28247,0.9033,1.18301,0,0.59128,0.72346,0.6206,0.39278,0.65601,0.59091,0.58057,0.30838,1.40107,3.18851,1.30756,1.63893,0,0.0010694,0.0010694,0.0010694
49,2090.5,0.87822,1.23497,0.91131,1.13749,0,0.86977,0.59091,0.73704,0.4497,0.86977,0.59091,0.71598,0.41752,1.46559,2.82357,1.21798,1.75301,0,0.0010496,0.0010496,0.0010496
50,2136.04,0.85919,1.24796,0.85274,1.11938,0,0.85853,0.59091,0.7545,0.46222,0.85853,0.59091,0.72806,0.4223,1.50142,2.78493,1.22281,1.74944,0,0.0010298,0.0010298,0.0010298
51,2196.38,0.9397,1.24218,0.8865,1.1841,0,0.60316,0.72727,0.70965,0.43914,0.60316,0.72727,0.69559,0.42365,1.56724,2.88759,1.29541,1.81598,0,0.00101,0.00101,0.00101
52,2254.37,0.91757,1.19009,0.85485,1.14585,0,0.82773,0.45455,0.61752,0.37936,0.82773,0.45455,0.60601,0.33867,1.6148,3.06555,1.43538,1.89415,0,0.0009902,0.0009902,0.0009902
53,2313.93,0.89112,1.30395,0.8661,1.16655,0,0.75143,0.5,0.62385,0.35163,0.62994,0.63636,0.61717,0.33191,1.69264,3.17765,1.58934,1.96052,0,0.0009704,0.0009704,0.0009704
54,2350.09,0.864,1.1724,0.81666,1.14054,0,0.6746,0.59091,0.6275,0.34645,0.63908,0.64418,0.62788,0.34477,1.76841,3.11294,1.67525,1.98169,0,0.0009506,0.0009506,0.0009506
55,2382.34,0.84976,1.20857,0.84792,1.10934,0,0.53268,0.67381,0.60222,0.34674,0.53268,0.67381,0.57756,0.34851,1.778,3.07598,1.87732,1.93012,0,0.0009308,0.0009308,0.0009308
56,2414.27,0.85741,1.23565,0.80934,1.12485,0,0.64845,0.5,0.57012,0.34859,0.64845,0.5,0.55644,0.35265,1.66099,3.04672,1.90238,1.89473,0,0.000911,0.000911,0.000911
57,2446.56,0.86057,1.29337,0.83507,1.1243,0,0.63807,0.59091,0.62421,0.38319,0.63807,0.59091,0.59838,0.36046,1.63957,3.12296,1.55555,1.89176,0,0.0008912,0.0008912,0.0008912
58,2478.74,0.81432,1.24547,0.77066,1.11311,0,0.67822,0.76665,0.70841,0.43141,0.638,0.7212,0.64149,0.39341,1.53002,3.1777,1.35,1.82399,0,0.0008714,0.0008714,0.0008714
59,2510.85,0.84011,1.30721,0.81002,1.12008,0,0.64235,0.89829,0.75702,0.42273,0.57879,0.72727,0.66013,0.40378,1.60232,3.15194,1.3001,1.9219,0,0.0008516,0.0008516,0.0008516
60,2543.05,0.77634,1.1551,0.74621,1.06414,0,0.71095,0.68182,0.72181,0.4183,0.66224,0.63636,0.64736,0.38807,1.62127,3.05365,1.36044,1.98669,0,0.0008318,0.0008318,0.0008318
61,2585.93,0.83889,1.14665,0.82079,1.1671,0,0.74881,0.63636,0.72809,0.41979,0.74881,0.63636,0.6618,0.38639,1.64003,3.22418,1.44854,1.87567,0,0.000812,0.000812,0.000812
62,2645.19,0.79561,1.13795,0.78281,1.09943,0,0.77024,0.68182,0.75273,0.42525,0.77024,0.68182,0.69407,0.40213,1.56531,3.17691,1.33067,1.81686,0,0.0007922,0.0007922,0.0007922
63,2704.46,0.79514,1.19138,0.72235,1.05892,0,0.7745,0.68182,0.77242,0.4596,0.7745,0.68182,0.75393,0.44639,1.56515,3.13344,1.24063,1.86342,0,0.0007724,0.0007724,0.0007724
64,2764.52,0.78017,1.0669,0.77148,1.0831,0,0.73219,0.74614,0.78818,0.48323,0.73219,0.74614,0.76152,0.44158,1.53044,3.19345,1.15577,1.86666,0,0.0007526,0.0007526,0.0007526
65,2824.54,0.76432,1.24244,0.75507,1.06759,0,0.82175,0.59091,0.76825,0.45737,0.75854,0.54545,0.65922,0.4203,1.55722,3.44466,1.31954,1.86564,0,0.0007328,0.0007328,0.0007328
66,2883.71,0.80083,1.15327,0.73549,1.1204,0,0.91483,0.54545,0.75087,0.43836,0.61653,0.63636,0.66156,0.4154,1.55591,3.50127,1.35507,1.8752,0,0.000713,0.000713,0.000713
67,2943.18,0.7491,1.14645,0.71009,1.08382,0,0.68995,0.70854,0.74599,0.44702,0.64641,0.66524,0.65821,0.4173,1.56513,3.54614,1.36301,1.84692,0,0.0006932,0.0006932,0.0006932
68,3003.27,0.73171,1.12321,0.68757,1.05818,0,0.6346,0.72727,0.73569,0.43561,0.59456,0.68182,0.64611,0.4159,1.56744,3.63217,1.35065,1.87195,0,0.0006734,0.0006734,0.0006734
69,3062.66,0.70051,1.06058,0.66982,1.03567,0,0.67572,0.63636,0.69551,0.41743,0.67572,0.63636,0.67147,0.373,1.52487,3.3414,1.40453,1.83293,0,0.0006536,0.0006536,0.0006536
70,3121.28,0.72629,0.99438,0.7126,1.04808,0,0.65774,0.68182,0.65762,0.37608,0.61389,0.63636,0.59656,0.35109,1.57035,3.40586,1.46042,1.85518,0,0.0006338,0.0006338,0.0006338
71,3179.97,0.68595,0.97487,0.65005,1.0276,0,0.73629,0.68182,0.64349,0.37083,0.6975,0.63636,0.59879,0.35305,1.64123,3.49914,1.49772,1.9051,0,0.000614,0.000614,0.000614
72,3238.59,0.69498,1.08673,0.71491,1.07438,0,0.75064,0.68182,0.63601,0.36291,0.75064,0.68182,0.62428,0.35587,1.68506,3.52747,1.5538,1.93179,0,0.0005942,0.0005942,0.0005942
73,3297.19,0.74708,1.10043,0.73244,1.07938,0,0.79096,0.59091,0.63703,0.39687,0.79096,0.59091,0.62727,0.38016,1.65267,3.92458,1.52375,1.89638,0,0.0005744,0.0005744,0.0005744
74,3355.34,0.77413,1.0536,0.68455,1.07766,0,0.65444,0.68182,0.69059,0.42665,0.65444,0.68182,0.67194,0.41583,1.699,4.05543,1.46703,1.89646,0,0.0005546,0.0005546,0.0005546
75,3414.15,0.75649,1.12821,0.74593,1.09723,0,0.7763,0.63636,0.69052,0.41259,0.7763,0.63636,0.68105,0.43752,1.77027,4.07384,1.43198,1.97067,0,0.0005348,0.0005348,0.0005348
76,3469.51,0.72135,0.99453,0.71265,1.06842,0,0.78042,0.59091,0.68155,0.40222,0.67065,0.55578,0.62373,0.41726,1.78068,4.11506,1.42935,2.04165,0,0.000515,0.000515,0.000515
77,3504.42,0.64491,1.07642,0.64108,1.0162,0,0.81232,0.59027,0.68313,0.40768,0.74499,0.54545,0.61945,0.41437,1.71925,3.77992,1.48941,1.98757,0,0.0004952,0.0004952,0.0004952
78,3537.78,0.69497,0.96811,0.69128,1.01295,0,0.73541,0.63636,0.69008,0.42595,0.68048,0.59091,0.62585,0.41359,1.70297,3.78626,1.40147,1.90655,0,0.0004754,0.0004754,0.0004754
79,3570.02,0.67617,1.03872,0.65457,1.02151,0,0.73734,0.59091,0.70701,0.42486,0.68002,0.54545,0.64239,0.40789,1.6338,3.82677,1.33308,1.79623,0,0.0004556,0.0004556,0.0004556
80,3602,0.67212,1.07064,0.63827,1.02042,0,0.65726,0.72727,0.70537,0.43971,0.63708,0.71842,0.68114,0.40099,1.53822,3.87003,1.20838,1.70347,0,0.0004358,0.0004358,0.0004358
81,3634.17,0.63584,0.96086,0.62889,1.01528,0,0.73592,0.63349,0.71488,0.45328,0.73592,0.63349,0.6934,0.41302,1.5011,4.03026,1.21784,1.6456,0,0.000416,0.000416,0.000416
82,3666.43,0.63476,0.97154,0.59892,1.02203,0,0.72461,0.63636,0.72015,0.46412,0.72461,0.63636,0.70636,0.42502,1.50054,3.8308,1.27931,1.60993,0,0.0003962,0.0003962,0.0003962
83,3698.62,0.64387,0.98941,0.64062,1.01726,0,0.97155,0.5,0.70836,0.46784,0.97155,0.5,0.66496,0.42438,1.52149,3.91213,1.30117,1.62991,0,0.0003764,0.0003764,0.0003764
84,3730.76,0.69119,1.1015,0.65218,1.04279,0,0.97842,0.5,0.71726,0.48737,0.97842,0.5,0.66758,0.42564,1.52135,3.78989,1.33286,1.60987,0,0.0003566,0.0003566,0.0003566
85,3765.25,0.66223,1.06347,0.59726,1.01565,0,0.92824,0.58814,0.76376,0.50972,0.92824,0.58814,0.72362,0.45677,1.53413,3.62727,1.24249,1.65745,0,0.0003368,0.0003368,0.0003368
86,3824.41,0.67437,1.17173,0.63517,1.02633,0,0.8412,0.59091,0.75465,0.48289,0.8412,0.59091,0.71079,0.46309,1.53726,3.58661,1.19731,1.67098,0,0.000317,0.000317,0.000317
87,3883.52,0.63508,1.06256,0.60905,0.99652,0,0.71946,0.72727,0.75249,0.48614,0.69926,0.68182,0.71237,0.47605,1.49715,3.46482,1.13112,1.66291,0,0.0002972,0.0002972,0.0002972
88,3942.87,0.60622,1.0226,0.58282,0.98913,0,0.70215,0.72727,0.7572,0.49138,0.70215,0.72727,0.74364,0.48118,1.45297,3.26251,1.09693,1.61223,0,0.0002774,0.0002774,0.0002774
89,4002.52,0.60754,0.912,0.62857,1.0006,0,0.68175,0.77273,0.77516,0.50444,0.68175,0.77273,0.75371,0.47055,1.56586,3.09666,1.29057,1.76228,0,0.0002576,0.0002576,0.0002576
90,4061.77,0.58982,0.95324,0.6111,1.00526,0,0.72594,0.77273,0.76917,0.493,0.72594,0.77273,0.74651,0.46799,1.60097,3.08879,1.32988,1.78133,0,0.0002378,0.0002378,0.0002378
91,4120.03,0.57606,0.82111,0.83892,1.00695,0,0.71189,0.72727,0.76951,0.49473,0.71189,0.72727,0.74124,0.47303,1.58612,3.07929,1.21573,1.76993,0,0.000218,0.000218,0.000218
92,4178.13,0.56459,0.87262,0.75864,0.98419,0,0.75266,0.72727,0.78748,0.5,0.75266,0.72727,0.75441,0.47429,1.51039,3.07586,1.12698,1.71436,0,0.0001982,0.0001982,0.0001982
93,4236.72,0.58317,0.78264,0.74264,1.00836,0,0.66043,0.86364,0.80257,0.49881,0.70629,0.76541,0.76992,0.4788,1.47189,2.94223,1.13645,1.67552,0,0.0001784,0.0001784,0.0001784
94,4294.6,0.57481,0.85622,0.59412,1.00511,0,0.73848,0.77023,0.82115,0.51623,0.73848,0.77023,0.78864,0.50154,1.44129,2.9476,1.1059,1.65541,0,0.0001586,0.0001586,0.0001586
95,4352.26,0.53726,0.77303,0.58881,0.9584,0,0.7333,0.77273,0.82709,0.51712,0.7333,0.77273,0.79203,0.49661,1.4143,2.88075,1.11677,1.62412,0,0.0001388,0.0001388,0.0001388
96,4410.38,0.53597,0.77233,0.61538,0.9804,0,0.73158,0.77273,0.8185,0.50906,0.73158,0.77273,0.78452,0.48535,1.39416,2.88904,1.11447,1.60477,0,0.000119,0.000119,0.000119
97,4467.7,0.51699,0.76394,0.57625,0.93826,0,0.78829,0.72727,0.82042,0.50222,0.78829,0.72727,0.77754,0.47157,1.41686,2.9133,1.10296,1.61272,0,9.92e-05,9.92e-05,9.92e-05
98,4525.95,0.51823,0.79825,0.57994,1.01005,0,0.78907,0.72727,0.81725,0.50103,0.78907,0.72727,0.77306,0.46938,1.42103,2.91687,1.09254,1.61512,0,7.94e-05,7.94e-05,7.94e-05
99,4583.89,0.56663,0.76942,0.61816,1.00282,0,0.79243,0.72727,0.81318,0.49729,0.74248,0.68182,0.71671,0.46615,1.43568,3.0212,1.09504,1.63397,0,5.96e-05,5.96e-05,5.96e-05
100,4641.63,0.52557,0.78495,0.59881,0.97286,0,0.7915,0.72727,0.81764,0.5073,0.74185,0.68182,0.7273,0.47139,1.44257,3.08257,1.08163,1.63081,0,3.98e-05,3.98e-05,3.98e-05
