Date,Time,Article Title,URL
"Thu, 24 Sep 2026","5:00 PM PKT","What counts as a medical insight, and what does not","https://rocketmsl.com/resources/what-is-a-medical-insight"
"Fri, 25 Sep 2026","5:00 PM PKT","Talking-point coverage: measuring what was actually discussed","https://rocketmsl.com/resources/talking-point-coverage"
"Mon, 28 Sep 2026","5:00 PM PKT","Insight yield: measuring what came back from the conversation","https://rocketmsl.com/resources/insight-yield"
"Tue, 29 Sep 2026","5:00 PM PKT","Product knowledge and topic knowledge: why one score per HCP is not enough","https://rocketmsl.com/resources/product-vs-topic-knowledge"
"Wed, 30 Sep 2026","5:00 PM PKT","Why medical insights die in free-text fields","https://rocketmsl.com/resources/structured-vs-freetext-insights"
"Thu, 1 Oct 2026","5:00 PM PKT","Preparing for a scientific interaction","https://rocketmsl.com/resources/msl-meeting-preparation"
"Fri, 2 Oct 2026","5:00 PM PKT","Building the business case for Medical Affairs technology","https://rocketmsl.com/resources/medical-affairs-technology-business-case"
"Mon, 5 Oct 2026","5:00 PM PKT","KOL, HCP, and why the difference matters","https://rocketmsl.com/resources/kol-vs-hcp"
"Tue, 6 Oct 2026","5:00 PM PKT","Recording consent in MSL and HCP scientific meetings","https://rocketmsl.com/resources/recording-consent-msl-hcp"
